<?xml version="1.0" encoding="utf-8"?>
<!--/1264616/1055354/2.50/4/3/LED/-->
<quadcept_library>
  <setting unit="mil" />
  <textstyle name="Default" height="47.244094488189" strokewidth="7.8740157480315" charwidth="47.244094488189" />
  <textstyle name="Dimension" height="19.6850393700787" strokewidth="0" charwidth="19.6850393700787" />
  <textstyle name="H127W0635TH00762" height="50" strokewidth="3" charwidth="25" />
  <textstyle name="H15W15TH02" height="59.0551181102362" strokewidth="7.8740157480315" charwidth="59.0551181102362" />
  <padstyle name="r85_50" surface="True" plated="False" isvia="False" nopaste="False" nomask="True" complex="False" holesize="0">
    <padshape layer="TOP" shape="rectangle" width="19.685039370078" height="33.464566929133" />
    <padshape layer="TOP_SOLDER_MASK" shape="rectangle" width="27.55905511811" height="41.338582677165" />
    <padshape layer="TOP_SOLDER_PASTE" shape="rectangle" width="19.685039370078" height="33.464566929133" />
  </padstyle>
  <footprint name="APTF1616SURKCGKSYKC" originx="0" originy="0" pickpointx="0" pickpointy="0">
    <pcbpin number="1" name="1" style="r85_50" originx="34.448818897637" originy="-19.685039370078" rotation="90" />
    <pcbpin number="2" name="2" style="r85_50" originx="-34.448818897637" originy="-19.685039370078" rotation="90" />
    <pcbpin number="3" name="3" style="r85_50" originx="-34.448818897637" originy="19.685039370078" rotation="90" />
    <pcbpin number="4" name="4" style="r85_50" originx="34.448818897637" originy="19.685039370078" rotation="90" />
    <line layer="TOP_ASSEMBLY" originx="-31.496062992126" originy="31.496062992126" endx="31.496062992126" endy="31.496062992126" width="3.9370078740157" />
    <line layer="TOP_ASSEMBLY" originx="31.496062992126" originy="31.496062992126" endx="31.496062992126" endy="-31.496062992126" width="3.9370078740157" />
    <line layer="TOP_ASSEMBLY" originx="31.496062992126" originy="-31.496062992126" endx="-31.496062992126" endy="-31.496062992126" width="3.9370078740157" />
    <line layer="TOP_ASSEMBLY" originx="-31.496062992126" originy="-31.496062992126" endx="-31.496062992126" endy="31.496062992126" width="3.9370078740157" />
    <line layer="TOP_PLACE_BOUND" originx="-90.551181102361" originy="70.866141732283" endx="90.551181102361" endy="70.866141732283" width="3.9370078740157" />
    <line layer="TOP_PLACE_BOUND" originx="90.551181102361" originy="70.866141732283" endx="90.551181102361" endy="-70.866141732283" width="3.9370078740157" />
    <line layer="TOP_PLACE_BOUND" originx="90.551181102361" originy="-70.866141732283" endx="-90.551181102361" endy="-70.866141732283" width="3.9370078740157" />
    <line layer="TOP_PLACE_BOUND" originx="-90.551181102361" originy="-70.866141732283" endx="-90.551181102361" endy="70.866141732283" width="3.9370078740157" />
    <line layer="TOP_SILKSCREEN" originx="70.866141732283" originy="-23.622047244094" endx="70.866141732283" endy="-23.622047244094" width="3.9370078740157" />
    <arc layer="TOP_SILKSCREEN" originx="68.897637795275" originy="-23.622047244094" startangle=".0" sweepangle="180.0" radius="1.9685039370078" width="3.9370078740157" />
    <line layer="TOP_SILKSCREEN" originx="66.929133858267" originy="-23.622047244094" endx="66.929133858267" endy="-23.622047244094" width="3.9370078740157" />
    <arc layer="TOP_SILKSCREEN" originx="68.897637795275" originy="-23.622047244094" startangle="180.0" sweepangle="180.0" radius="1.9685039370078" width="3.9370078740157" />
  </footprint>
  <symbol name="APTF1616SURKCGKSYKC" originx="0" originy="0">
    <line originx="200" originy="100" endx="1300" endy="100" width="0" />
    <line originx="1300" originy="-200" endx="1300" endy="100" width="0" />
    <line originx="1300" originy="-200" endx="200" endy="-200" width="0" />
    <line originx="200" originy="100" endx="200" endy="-200" width="0" />
    <sympin number="1" originx="1300" originy="-100" rotation="0" length="100" width="7.8740157480315" flipped="False">
      <text name="pinname" originx="1270" originy="-100" style="Default" rotation="0" justify="right" flipped="False" hidden="False" data="COM_A" />
      <text name="pindes" originx="1360" originy="-80" style="Default" rotation="0" justify="lowerleft" flipped="False" hidden="False" data="1" />
    </sympin>
    <sympin number="2" originx="200" originy="-100" rotation="180" length="100" width="7.8740157480315" flipped="False">
      <text name="pinname" originx="230" originy="-100" style="Default" rotation="0" justify="left" flipped="False" hidden="False" data="K_RED" />
      <text name="pindes" originx="140" originy="-80" style="Default" rotation="0" justify="lowerright" flipped="False" hidden="False" data="2" />
    </sympin>
    <sympin number="3" originx="200" originy="0" rotation="180" length="100" width="7.8740157480315" flipped="False">
      <text name="pinname" originx="230" originy="0" style="Default" rotation="0" justify="left" flipped="False" hidden="False" data="K_GREEN" />
      <text name="pindes" originx="140" originy="20" style="Default" rotation="0" justify="lowerright" flipped="False" hidden="False" data="3" />
    </sympin>
    <sympin number="4" originx="1300" originy="0" rotation="0" length="100" width="7.8740157480315" flipped="False">
      <text name="pinname" originx="1270" originy="0" style="Default" rotation="0" justify="right" flipped="False" hidden="False" data="K_YELLOW" />
      <text name="pindes" originx="1360" originy="20" style="Default" rotation="0" justify="lowerleft" flipped="False" hidden="False" data="4" />
    </sympin>
  </symbol>
  <component name="APTF1616SURKCGKSYKC" designatorprefix="LED" height="35.433070866141" footprint="APTF1616SURKCGKSYKC">
    <comppin designator="1" sympin="1" pinswap="0" gateswap="0" gate="1" group="1" side="" type="Any" name="COM_A" />
    <comppin designator="2" sympin="2" pinswap="0" gateswap="0" gate="1" group="1" side="" type="Any" name="K_RED" />
    <comppin designator="3" sympin="3" pinswap="0" gateswap="0" gate="1" group="1" side="" type="Any" name="K_GREEN" />
    <comppin designator="4" sympin="4" pinswap="0" gateswap="0" gate="1" group="1" side="" type="Any" name="K_YELLOW" />
    <attached_symbol gate="1" name="APTF1616SURKCGKSYKC" />
    <pinmap designator="1" footprintpin="1" />
    <pinmap designator="2" footprintpin="2" />
    <pinmap designator="3" footprintpin="3" />
    <pinmap designator="4" footprintpin="4" />
    <text name="Datasheet" originx="0" originy="0" style="Default" rotation="0" justify="" flipped="False" hidden="True" data="https://www.kingbrightusa.com/images/catalog/SPEC/APTF1616SURKCGKSYKC.pdf" />
    <text name="Description" originx="0" originy="0" style="Default" rotation="0" justify="" flipped="False" hidden="True" data="Green, Red, Yellow 570nm Green, 630nm Red, 590nm Yellow LED Indication - Discrete 2.1V Green, 1.95V Red, 2V Yellow 4-SMD, No Lead " />
    <text name="Manufacturer_Name" originx="0" originy="0" style="Default" rotation="0" justify="" flipped="False" hidden="True" data="Kingbright" />
    <text name="Manufacturer_Part_Number" originx="1350" originy="200" style="Default" rotation="0" justify="left" flipped="False" hidden="False" data="APTF1616SURKCGKSYKC" />
    <text name="Mouser Part Number" originx="0" originy="0" style="Default" rotation="0" justify="" flipped="False" hidden="True" data="604-APTF1616KCGKSYKC" />
    <text name="Mouser Price/Stock" originx="0" originy="0" style="Default" rotation="0" justify="" flipped="False" hidden="True" data="https://www.mouser.co.uk/ProductDetail/Kingbright/APTF1616SURKCGKSYKC?qs=FESYatJ8odK7UleJtP4p0g%3D%3D" />
    <text name="Arrow Part Number" originx="0" originy="0" style="Default" rotation="0" justify="" flipped="False" hidden="True" data="APTF1616SURKCGKSYKC" />
    <text name="Arrow Price/Stock" originx="0" originy="0" style="Default" rotation="0" justify="" flipped="False" hidden="True" data="https://www.arrow.com/en/products/aptf1616surkcgksykc/kingbright?region=nac" />
  </component>
</quadcept_library>
